Lintas Baru,No. Link,Nama Ruas,Panjang SK (km),Provinsi,Wilayah Lama
Lintas Utara,24001,LOSARI (BTS. PROV. JABAR)  - PEJAGAN,9.36,Jawa Tengah,Jateng Wil. I
Lintas Utara,24002,PEJAGAN - BTS. KOTA BREBES,14.48,Jawa Tengah,Jateng Wil. I
Lintas Utara,2400211,JLN. PEMUDA (BREBES),2.71,Jawa Tengah,Jateng Wil. I
Lintas Utara,2400212,JLN. DIPONEGORO (BREBES),0.32,Jawa Tengah,Jateng Wil. I
Lintas Utara,2400213,JLN. A. YANI (BREBES),1.56,Jawa Tengah,Jateng Wil. I
Lintas Utara,2400311,JLN. SUDIRMAN (BREBES),1.7,Jawa Tengah,Jateng Wil. I
Lintas Utara,2400312,JLN. GAJAH MADA (BREBES),2.56,Jawa Tengah,Jateng Wil. I
Lintas Utara,2400313,JLN. DR. CIPTOMANGUNKUSUMO/DR. WAHIDIN  SUDIROHUSODO (TEGAL),4.87,Jawa Tengah,Jateng Wil. I
Lintas Utara,2400314,JLN. KOL SUGIONO (TEGAL),1.16,Jawa Tengah,Jateng Wil. I
Lintas Utara,2400315,JLN. MAYJEND. SUTOYO (TEGAL),0.53,Jawa Tengah,Jateng Wil. I
Lintas Utara,24004,BTS. KOTA TEGAL - BTS. KOTA PEMALANG,23.06,Jawa Tengah,Jateng Wil. I
Lintas Utara,2400411,JLN. GAJAH MADA (TEGAL),1.17,Jawa Tengah,Jateng Wil. I
Lintas Utara,2400412,JLN. MT. HARYONO (TEGAL),0.5,Jawa Tengah,Jateng Wil. I
Lintas Utara,2400413,JLN. YOS SUDARSO (TEGAL),0.81,Jawa Tengah,Jateng Wil. I
Lintas Utara,2400414,JLN. MERTOLOYO (TEGAL),1.26,Jawa Tengah,Jateng Wil. I
Lintas Utara,2400511,JLN. BRIGJEN KATAMSO (PEMALANG),2.49,Jawa Tengah,Jateng Wil. I
Lintas Utara,2400512,JLN. MOH YAMIN (PEMALANG),1.63,Jawa Tengah,Jateng Wil. I
Lintas Utara,24006,BTS. KOTA PEMALANG - BTS. KOTA PEKALONGAN,24.65,Jawa Tengah,Jateng Wil. I
Lintas Utara,2400611,JLN. MT. HARYONO (PEMALANG),2.78,Jawa Tengah,Jateng Wil. I
Lintas Utara,2400612,JLN. LETJEND. SUPRAPTO (PEMALANG),2.59,Jawa Tengah,Jateng Wil. I
Lintas Utara,2400613,JLN. RAYA TIRTO  (PEKALONGAN),1.07,Jawa Tengah,Jateng Wil. I
Lintas Utara,2400614,JLN. GAJAH MADA  (PEKALONGAN),1.24,Jawa Tengah,Jateng Wil. I
Lintas Utara,2400615,JLN. PEMUDA (PEKALONGAN),0.19,Jawa Tengah,Jateng Wil. I
Lintas Utara,2400616,JLN. MERDEKA (PEKALONGAN),0.49,Jawa Tengah,Jateng Wil. I
Lintas Utara,2400711,JLN. DOKTER SETIABUDI (PEKALONGAN),0.18,Jawa Tengah,Jateng Wil. I
Lintas Utara,2400712,JLN. KH. MAS MANSYUR  (PEKALONGAN),1.11,Jawa Tengah,Jateng Wil. I
Lintas Utara,2400713,JLN. SLAMET (PEKALONGAN),0.26,Jawa Tengah,Jateng Wil. I
Lintas Utara,2400714,JLN. SRIWIJAYA (PEKALONGAN),0.73,Jawa Tengah,Jateng Wil. I
Lintas Utara,2400715,JLN. WILIS (PEKALONGAN),0.61,Jawa Tengah,Jateng Wil. I
Lintas Utara,2400716,JLN. JEND. SUDIRMAN (PEKALONGAN),1.56,Jawa Tengah,Jateng Wil. I
Lintas Utara,2400717,JLN. DOKTER SUTOMO (PEKALONGAN),2.8,Jawa Tengah,Jateng Wil. I
Lintas Utara,2400719,JLN. URIP SUMOHARJO (BATANG),0.68,Jawa Tengah,Jateng Wil. I
Lintas Utara,240071A,JLN. SUDIRMAN (BATANG),2.51,Jawa Tengah,Jateng Wil. I
Lintas Utara,24008,BTS. KOTA BATANG - BTS. KAB. KENDAL,40.29,Jawa Tengah,Jateng Wil. I
Lintas Utara,2400812,JLN. SLAMET RIYADI (BATANG),1.4,Jawa Tengah,Jateng Wil. I
Lintas Utara,24009,BTS. KAB. BATANG - SP.4 BARAT JLN. LINGKAR WELERI,0.71,Jawa Tengah,Jateng Wil. I
Lintas Utara,24010,JLN. PLELEN (UTARA),1.78,Jawa Tengah,Jateng Wil. I
Lintas Utara,24011,JLN. PLELEN (SELATAN),5.97,Jawa Tengah,Jateng Wil. I
Lintas Utara,2401211,JLN. LINGKAR WELERI (KENDAL),4.62,Jawa Tengah,Jateng Wil. I
Lintas Utara,24013,SP. 3 TIMUR JLN. LINGKAR WELERI - BTS. KOTA KENDAL,11.62,Jawa Tengah,Jateng Wil. I
Lintas Utara,2401311,JLN. LINGKAR BODRI (KENDAL),0.74,Jawa Tengah,Jateng Wil. I
Lintas Utara,2401312,JLN. RAYA BARAT (KENDAL),2.3,Jawa Tengah,Jateng Wil. I
Lintas Utara,2401313,JLN. RAYA  (KENDAL),1.46,Jawa Tengah,Jateng Wil. I
Lintas Utara,2401314,JLN. RAYA TIMUR (KENDAL),2.33,Jawa Tengah,Jateng Wil. I
Lintas Utara,2401315,JLN. PEMUDA (KENDAL),1.3,Jawa Tengah,Jateng Wil. I
Lintas Utara,240141,BTS. KOTA KENDAL - SP. 3 BARAT JLN. LINGKAR KALIWUNGU,2.22,Jawa Tengah,Jateng Wil. I
Lintas Utara,2401411,JLN. KETAPANG - KEBONHARJO  (KENDAL),5.33,Jawa Tengah,Jateng Wil. I
Lintas Utara,2401412,JLN. WALISONGO (SEMARANG),8.94,Jawa Tengah,Jateng Wil. I
Lintas Utara,2401413,JLN. SILIWANGI (SEMARANG),2.58,Jawa Tengah,Jateng Wil. I
Lintas Utara,240141A,JLN. BUNDARAN KALIBANTENG (SEMARANG),0.25,Jawa Tengah,Jateng Wil. I
Lintas Utara,240141B,JLN. PAMULARSIH (SEMARANG),1.92,Jawa Tengah,Jateng Wil. I
Lintas Utara,240141C,JLN. KALIGARANG (SEMARANG),1.27,Jawa Tengah,Jateng Wil. I
Lintas Utara,240142,SP. 3 TIMUR JLN. LINGKAR KALIWUNGU - BTS. KOTA SEMARANG,0.59,Jawa Tengah,Jateng Wil. I
Lintas Utara,2401511,JLN. LINGKAR KALIWUNGU (KENDAL),7.99,Jawa Tengah,Jateng Wil. I
Lintas Utara,24016,BTS. KOTA SEMARANG - BTS. KOTA DEMAK,15.37,Jawa Tengah,Jateng Wil. III
Lintas Utara,2401611,"JLN. ARTERI UTARA (MARTADINATA,FLY OVER,YOS SUDARSO (SEMARANG)",10.56,Jawa Tengah,Jateng Wil. I
Lintas Utara,2401613,JLN. KALIGAWE (SEMARANG),6.04,Jawa Tengah,Jateng Wil. III
Lintas Utara,2401614,JLN. RADEN SALEH SJARIF BOESTAMAN (SEMARANG),1.19,Jawa Tengah,Jateng Wil. I
Lintas Utara,2401615,JLN. AKSES PELABUHAN TANJUNG EMAS (SEMARANG),0.41,Jawa Tengah,Jateng Wil. I
Lintas Utara,2401711,JLN. LINGKAR DEMAK,6.96,Jawa Tengah,Jateng Wil. III
Lintas Utara,24018,SP. 3 TIMUR LINGKAR DEMAK - SP. 3 TRENGGULI,3.07,Jawa Tengah,Jateng Wil. III
Lintas Utara,24019,SP. 3 TRENGGULI - BTS. KAB. DEMAK/ KUDUS,13.32,Jawa Tengah,Jateng Wil. III
Lintas Utara,24020,BTS. KAB. DEMAK/KUDUS - SP. 3 BARAT JLN. LINGKAR KUDUS,0.55,Jawa Tengah,Jateng Wil. III
Lintas Utara,2402211,JLN. LINGKAR KUDUS,10.68,Jawa Tengah,Jateng Wil. III
Lintas Utara,24023,SP. 3 TIMUR JLN. LINGKAR KUDUS - BTS. KAB KUDUS/PATI,10.31,Jawa Tengah,Jateng Wil. III
Lintas Utara,24024,BTS. KAB. KUDUS/PATI  - SP. 3 BARAT LINGKAR PATI,2.78,Jawa Tengah,Jateng Wil. III
Lintas Utara,2402416,JLN. LINGKAR PATI,12.55,Jawa Tengah,Jateng Wil. III
Lintas Utara,24025,SP. 3 TIMUR JLN. LINGKAR PATI - BTS. KOTA REMBANG,27.01,Jawa Tengah,Jateng Wil. III
Lintas Utara,2402512,JLN. UNTUNG SUROPATI (REMBANG),2.35,Jawa Tengah,Jateng Wil. III
Lintas Utara,2402513,JLN. DIPONEGORO (REMBANG),1.83,Jawa Tengah,Jateng Wil. III
Lintas Utara,2402514,JLN. LINGKAR JUWANA (PATI),0.99,Jawa Tengah,Jateng Wil. III
Lintas Utara,24026,BTS. KOTA REMBANG - BULU (BTS. PROV. JATIM),46.38,Jawa Tengah,Jateng Wil. III
Lintas Utara,2402612,JLN. SUDIRMAN (REMBANG),1.91,Jawa Tengah,Jateng Wil. III
Lintas Utara,2407611,JLN. JEND. SUDIRMAN (TEGAL),0.39,Jawa Tengah,Jateng Wil. I
Lintas Utara,2407612,JLN. AR HAKIM (TEGAL),1.08,Jawa Tengah,Jateng Wil. I
Lintas Utara,2407613,JLN. SULTAN AGUNG (TEGAL),0.76,Jawa Tengah,Jateng Wil. I
Lintas Utara,2409111,JLN. RADEN PATAH (SEMARANG),0.98,Jawa Tengah,Jateng Wil. III
Lintas Utara,2409112,JLN. WIDOHARJO (SEMARANG),0.43,Jawa Tengah,Jateng Wil. III
Lintas Utara,2409113,JLN. DR. CIPTO (SEMARANG),2.83,Jawa Tengah,Jateng Wil. III
Lintas Utara,24098,PEJAGAN - SP. TIGA TOL PEJAGAN KANCI,2.47,Jawa Tengah,Jateng Wil. I
Lintas Utara,24101,SP. 3 TRENGGULI - BTS. KAB. DEMAK/BTS. KAB. JEPARA,11.48,Jawa Tengah,Jateng Wil. III
Lintas Utara,24102,BTS. KAB. DEMAK/JEPARA - MARGOYOSO,6.99,Jawa Tengah,Jateng Wil. III
Lintas Utara,24103,MARGOYOSO - BTS. KOTA JEPARA,11.2,Jawa Tengah,Jateng Wil. III
Lintas Utara,2410311,JLN. SOEKARNO HATTA (JEPARA),3.41,Jawa Tengah,Jateng Wil. III
Lintas Utara,2410312,JLN. WAHID HASYIM (JEPARA),2.88,Jawa Tengah,Jateng Wil. III
Lintas Utara,2410313,JLN. PEMUDA (JEPARA),1.14,Jawa Tengah,Jateng Wil. III
Lintas Utara,2410314,JLN. KARTINI (JEPARA),0.74,Jawa Tengah,Jateng Wil. III
Lintas Utara,2410315,JLN. A. YANI (JEPARA),1.97,Jawa Tengah,Jateng Wil. III
Lintas Utara,2410411,JLN. KARTINI (REMBANG),0.7,Jawa Tengah,Jateng Wil. III
Lintas Utara,2410412,JLN. PEMUDA (REMBANG),2.83,Jawa Tengah,Jateng Wil. III
Lintas Utara,241091,JLN. LINGKAR BREBES - TEGAL (SEGMEN I) (JLN. SOEKARNO) (BREBES),15.16,Jawa Tengah,Jateng Wil. I
Lintas Utara,241092,"JLN. LINGKAR BREBES - TEGAL (SEGMEN II) ( JLN. YOS SUDARSO II, JLN. PIERE TENDEAN) (TEGAL)",3.29,Jawa Tengah,Jateng Wil. I
Lintas Tengah,26015,TEMPEL/SALAM (BTS. PROV. JATENG) - BTS. KOTA SLEMAN,7.18,DI Yogyakarta,DI Yogyakarta
Lintas Tengah,26016,BTS. KOTA SLEMAN - SP. JOMBOR,5.62,DI Yogyakarta,DI Yogyakarta
Lintas Tengah,2601613,BTS. KOTA - SP. JOMBOR (YOGYAKARTA),2.21,DI Yogyakarta,DI Yogyakarta
Lintas Tengah,2601711,JLN. SILIWANGI (SLEMAN),8.68,DI Yogyakarta,DI Yogyakarta
Lintas Tengah,,JLN. PADJAJARAN (SLEMAN),0,,Jateng Wil. I
Lintas Tengah,26019,JANTI - PRAMBANAN (BTS. PROV. JATENG),10.07,DI Yogyakarta,DI Yogyakarta
Lintas Tengah,2601911,BTS. KOTA YOGYAKARTA - JANTI  (YOGYAKARTA),2.12,DI Yogyakarta,DI Yogyakarta
Lintas Tengah,26025,TEMPEL - PAKEM,13.71,DI Yogyakarta,DI Yogyakarta
Lintas Tengah,26026,PAKEM - PRAMBANAN,20.35,DI Yogyakarta,DI Yogyakarta
Lintas Tengah,2401417,JLN. DR. SUTOMO (SEMARANG),0.23,Jawa Tengah,Jateng Wil. I
Lintas Tengah,2401418,JLN. S. PARMAN (SEMARANG),2.21,Jawa Tengah,Jateng Wil. I
Lintas Tengah,2401419,JLN. SULTAN AGUNG (SEMARANG),1.92,Jawa Tengah,Jateng Wil. I
Lintas Tengah,24034,BANYUMAS - BTS. KAB. BANJARNEGARA/BANYUMAS,8.26,Jawa Tengah,Jateng Wil. II
Lintas Tengah,24035,BTS. KAB. BANJARNEGARA/BANYUMAS  - KLAMPOK,10.02,Jawa Tengah,Jateng Wil. II
Lintas Tengah,24036,KLAMPOK - BTS. KOTA BANJARNEGARA,27.85,Jawa Tengah,Jateng Wil. II
Lintas Tengah,2403611,JLN. SUPRAPTO (BANJARNEGARA),3.07,Jawa Tengah,Jateng Wil. II
Lintas Tengah,2403612,JLN. PEMUDA (BANJARNEGARA),0.89,Jawa Tengah,Jateng Wil. II
Lintas Tengah,24037,BTS. KOTA BANJARNEGARA - BTS. KAB. WONOSOBO,12.09,Jawa Tengah,Jateng Wil. II
Lintas Tengah,2403711,JLN. S. PARMAN (BANJARNEGARA),1.62,Jawa Tengah,Jateng Wil. II
Lintas Tengah,2403712,JLN. TENTARA PELAJAR (BANJARNEGARA),2.28,Jawa Tengah,Jateng Wil. II
Lintas Tengah,24038,BTS. KAB. BANJARNEGARA - SELOKROMO,0.82,Jawa Tengah,Jateng Wil. II
Lintas Tengah,24039,SELOKROMO - BTS. KOTA WONOSOBO,8.35,Jawa Tengah,Jateng Wil. II
Lintas Tengah,2403911,JLN. JOGO NEGORO (WONOSOBO),1.66,Jawa Tengah,Jateng Wil. II
Lintas Tengah,2403912,JLN. A. YANI (WONOSOBO),1.58,Jawa Tengah,Jateng Wil. II
Lintas Tengah,2403913,JLN. KYAI MUNTANG (WONOSOBO),1.37,Jawa Tengah,Jateng Wil. II
Lintas Tengah,24040,BTS. KOTA WONOSOBO - KERTEK,4.62,Jawa Tengah,Jateng Wil. II
Lintas Tengah,2404011,JLN. S. PARMAN (WONOSOBO),0.93,Jawa Tengah,Jateng Wil. II
Lintas Tengah,2404012,JLN. MAYOR BAMBANG SUGENG (WONOSOBO),2.64,Jawa Tengah,Jateng Wil. II
Lintas Tengah,24041,KERTEK - BTS. KAB. WONOSOBO/ TEMANGGUNG,9.34,Jawa Tengah,Jateng Wil. II
Lintas Tengah,24042,BTS. KAB. WONOSOBO/ TEMANGGUNG - PARAKAN,11.18,Jawa Tengah,Jateng Wil. II
Lintas Tengah,24043,PARAKAN - PERTIGAAN BULU,1.58,Jawa Tengah,Jateng Wil. II
Lintas Tengah,24044,PERTIGAAN BULU - KEDU,4.84,Jawa Tengah,Jateng Wil. II
Lintas Tengah,24045,KEDU - BTS. KOTA TEMANGGUNG,2.92,Jawa Tengah,Jateng Wil. II
Lintas Tengah,2404511,JLN. HAYAM WURUK (TEMANGGUNG),1.03,Jawa Tengah,Jateng Wil. II
Lintas Tengah,2404512,JLN. GAJAHMADA (TEMANGGUNG),1.31,Jawa Tengah,Jateng Wil. II
Lintas Tengah,2404513,JLN. DIPONEGORO (TEMANGGUNG),0.74,Jawa Tengah,Jateng Wil. II
Lintas Tengah,24046,BTS. KOTA TEMANGGUNG - KRANGGAN,1.62,Jawa Tengah,Jateng Wil. II
Lintas Tengah,2404611,JLN. S. PARMAN (TEMANGGUNG),0.48,Jawa Tengah,Jateng Wil. II
Lintas Tengah,2404612,JLN. SUDIRMAN (TEMANGGUNG),2.33,Jawa Tengah,Jateng Wil. II
Lintas Tengah,2404613,JLN. SUWANDI SUWARDI (TEMANGGUNG),1.23,Jawa Tengah,Jateng Wil. II
Lintas Tengah,24047,KRANGGAN - SECANG,6.7,Jawa Tengah,Jateng Wil. II
Lintas Tengah,24048,SECANG - PRINGSURAT,4.76,Jawa Tengah,Jateng Wil. III
Lintas Tengah,24049,PRINGSURAT - BTS. KAB. TEMANGGUNG,9.22,Jawa Tengah,Jateng Wil. III
Lintas Tengah,240501,BTS. KAB. TEMANGGUNG/SEMARANG - SP. 3 SELATAN JLN. LINGKAR AMBARAWA,10.57,Jawa Tengah,Jateng Wil. III
Lintas Tengah,240502,JLN. LINGKAR AMBARAWA,7.3,Jawa Tengah,Jateng Wil. III
Lintas Tengah,240503,SP. 3 UTARA JLN. LINGKAR AMBARAWA - BAWEN,0.73,Jawa Tengah,Jateng Wil. III
Lintas Tengah,24051,BAWEN - SP. 3 UTARA LINGKAR SALATIGA,7.8,Jawa Tengah,Jateng Wil. III
Lintas Tengah,2405114,JLN. LINGKAR SALATIGA,11.32,Jawa Tengah,Jateng Wil. III
Lintas Tengah,24052,BTS. KOTA SALATIGA - SRUWEN,6.97,Jawa Tengah,Jateng Wil. III
Lintas Tengah,2405214,JLN. SOEKARNO-HATTA (SALATIGA),1.16,Jawa Tengah,Jateng Wil. III
Lintas Tengah,24053,SRUWEN - TERMINAL BOYOLALI,12.08,Jawa Tengah,Jateng Wil. III
Lintas Tengah,2405411,JLN. PERINTIS KEMERDEKAAN (BOYOLALI),5.73,Jawa Tengah,Jateng Wil. III
Lintas Tengah,24055,BTS. KOTA BOYOLALI - KARTOSURO,14.09,Jawa Tengah,Jateng Wil. III
Lintas Tengah,2405512,JLN. PROF. SUHARSO (BOYOLALI),5.18,Jawa Tengah,Jateng Wil. III
Lintas Tengah,24056,KARTOSURO - BTS. KOTA SURAKARTA,5.51,Jawa Tengah,Jateng Wil. III
Lintas Tengah,2405611,JLN. SLAMET RIYADI (SURAKARTA),0.77,Jawa Tengah,Jateng Wil. III
Lintas Tengah,2405612,JLN. A YANI (SURAKARTA),1.48,Jawa Tengah,Jateng Wil. III
Lintas Tengah,2405614,JLN. ADI SUCIPTO (SURAKARTA),6.27,Jawa Tengah,Jateng Wil. III
Lintas Tengah,2405615,JLN. ADI SUMARMO (SURAKARTA),1.28,Jawa Tengah,Jateng Wil. III
Lintas Tengah,2405616,SP.3 TUGU TKR - SP3. JL.ADI SUMARMO-TERMINAL LAMA,0.38,Jawa Tengah,Jateng Wil. III
Lintas Tengah,2405617,JLN. SAMBI - TANJUNGSARI (BOYOLALI),1.02,Jawa Tengah,Jateng Wil. III
Lintas Tengah,2405618,JLN. MANGU - NGEMPLAK (BOYOLALI),0.38,Jawa Tengah,Jateng Wil. III
Lintas Tengah,24057,BTS. KOTA SURAKARTA - PALUR,1.4,Jawa Tengah,Jateng Wil. III
Lintas Tengah,2405712,JLN. SUTAMI (SURAKARTA),1.89,Jawa Tengah,Jateng Wil. III
Lintas Tengah,2405713,JLN. LETJEN SUPRAPTO (SURAKARTA),0.9,Jawa Tengah,Jateng Wil. III
Lintas Tengah,2405714,JLN. MANGUNSARKORO (SURAKARTA),1.88,Jawa Tengah,Jateng Wil. III
Lintas Tengah,2405715,JLN. SUMPAH PEMUDA (SURAKARTA),2.49,Jawa Tengah,Jateng Wil. III
Lintas Tengah,2405716,JLN. BRIGJEN KATAMSO (SURAKARTA),0.72,Jawa Tengah,Jateng Wil. III
Lintas Tengah,2405717,JLN. LINGKAR UTARA SURAKARTA,5.52,Jawa Tengah,Jateng Wil. III
Lintas Tengah,2405718,JLN. PIERE TENDEAN (SURAKARTA),1.33,Jawa Tengah,Jateng Wil. III
Lintas Tengah,24058,PALUR - BTS. KOTA SRAGEN,20.13,Jawa Tengah,Jateng Wil. III
Lintas Tengah,2405811,JLN. LINGKAR UTARA BARAT (SRAGEN),3.65,Jawa Tengah,Jateng Wil. III
Lintas Tengah,2405812,JLN. DR. SUTOMO DAN JLN. S. PARMAN (SRAGEN),2.5,Jawa Tengah,Jateng Wil. III
Lintas Tengah,2405813,JLN. LINGKAR UTARA TIMUR (SRAGEN),3.49,Jawa Tengah,Jateng Wil. III
Lintas Tengah,24059,BTS. KOTA SRAGEN - MANTINGAN (BTS. PROV. JATIM),12.35,Jawa Tengah,Jateng Wil. III
Lintas Tengah,24076,BTS. KOTA TEGAL - BTS. KOTA SLAWI,8.32,Jawa Tengah,Jateng Wil. I
Lintas Tengah,2407615,JLN. A. YANI (SLAWI),2.5,Jawa Tengah,Jateng Wil. I
Lintas Tengah,24077,BTS. KOTA SLAWI - PRUPUK,24.42,Jawa Tengah,Jateng Wil. I
Lintas Tengah,2407711,JLN. SUDIRMAN (SLAWI),0.98,Jawa Tengah,Jateng Wil. I
Lintas Tengah,2407712,JLN. GATOT SUBROTO (SLAWI),3.03,Jawa Tengah,Jateng Wil. I
Lintas Tengah,240781,PRUPUK - SP. 3 UTARA JLN. LINGKAR BUMIAYU,20.08,Jawa Tengah,Jateng Wil. I
Lintas Tengah,240782,SP. 3 SELATAN JLN. LINGKAR BUMIAYU - BTS. KAB. BREBES/BANYUMAS,9.14,Jawa Tengah,Jateng Wil. I
Lintas Tengah,2407911,JLN. LINGKAR BUMIAYU (JLN. FATMAWATI),5.68,Jawa Tengah,Jateng Wil. I
Lintas Tengah,24080,BTS. KAB. BREBES/BANYUMAS  - AJIBARANG,10.21,Jawa Tengah,Jateng Wil. I
Lintas Tengah,24084,AJIBARANG - BTS. KOTA PURWOKERTO,13.49,Jawa Tengah,Jateng Wil. II
Lintas Tengah,2408411,JLN. PATTIMURA (PURWOKERTO),0.53,Jawa Tengah,Jateng Wil. II
Lintas Tengah,2408412,JLN. YOS SUDARSO (PURWOKERTO),1.39,Jawa Tengah,Jateng Wil. II
Lintas Tengah,24085,PURWOKERTO - PATIKRAJA,5.82,Jawa Tengah,Jateng Wil. II
Lintas Tengah,24087,BTS. KOTA PURWOKERTO - SOKARAJA,4.9,Jawa Tengah,Jateng Wil. II
Lintas Tengah,2408711,JLN. GERILYA (PURWOKERTO),4.87,Jawa Tengah,Jateng Wil. II
Lintas Tengah,2408712,JLN. VETERAN (PURWOKERTO),2.27,Jawa Tengah,Jateng Wil. II
Lintas Tengah,24088,SUKARAJA - KALIORI,5.79,Jawa Tengah,Jateng Wil. II
Lintas Tengah,24089,KALIORI - BANYUMAS,2.68,Jawa Tengah,Jateng Wil. II
Lintas Tengah,24090,BTS. KOTA UNGARAN - BAWEN,11.42,Jawa Tengah,Jateng Wil. II
Lintas Tengah,2409114,JLN. KOMPOL MAKSUM (SEMARANG),0.66,Jawa Tengah,Jateng Wil. III
Lintas Tengah,2409115,JLN. MT. HARYONO (SEMARANG),0.89,Jawa Tengah,Jateng Wil. III
Lintas Tengah,2409116,JLN. DR. WAHIDIN (SEMARANG),2.35,Jawa Tengah,Jateng Wil. III
Lintas Tengah,2409117,JLN. TEUKU UMAR (SEMARANG),0.91,Jawa Tengah,Jateng Wil. III
Lintas Tengah,2409118,JLN. SETIA BUDHI (SEMARANG),3.73,Jawa Tengah,Jateng Wil. III
Lintas Tengah,2409119,JLN. ANTON SUJARWO (SEMARANG),5.46,Jawa Tengah,Jateng Wil. III
Lintas Tengah,240911A,JLN. GATOT SUBROTO (UNGARAN),2.55,Jawa Tengah,Jateng Wil. III
Lintas Tengah,240911B,JLN. DIPONEGORO (UNGARAN),2.82,Jawa Tengah,Jateng Wil. III
Lintas Tengah,240911C,JLN. GOMBEL LAMA (SEMARANG),1.27,Jawa Tengah,Jateng Wil. III
Lintas Tengah,24092,SECANG - BTS. KOTA MAGELANG,5.16,Jawa Tengah,Jateng Wil. II
Lintas Tengah,2409211,JLN. AHMAD YANI (MAGELANG),3.33,Jawa Tengah,Jateng Wil. II
Lintas Tengah,2409212,JLN. URIP SUMOHARJO (MAGELANG),2.63,Jawa Tengah,Jateng Wil. II
Lintas Tengah,2409213,JLN. SOEKARNO-HATTA (MAGELANG),2.62,Jawa Tengah,Jateng Wil. II
Lintas Tengah,24093,BTS. KOTA MAGELANG - KEPREKAN,8.55,Jawa Tengah,Jateng Wil. II
Lintas Tengah,24094,KEPREKAN - BTS. KOTA MUNTILAN,1.18,Jawa Tengah,Jateng Wil. II
Lintas Tengah,2409411,JLN. PEMUDA (MUNTILAN),3.68,Jawa Tengah,Jateng Wil. II
Lintas Tengah,2409412,JLN. TENTARA PELAJAR (MUNTILAN),4.36,Jawa Tengah,Jateng Wil. II
Lintas Tengah,24095,MUNTILAN - SALAM (BTS. DIY),7.41,Jawa Tengah,Jateng Wil. II
Lintas Tengah,24096,KARTOSURO - BTS. KOTA KLATEN,19.73,Jawa Tengah,Jateng Wil. III
Lintas Tengah,2409611,JLN. PERINTIS KEMERDEKAAN (KLATEN),2.41,Jawa Tengah,Jateng Wil. III
Lintas Tengah,2409612,JLN. LINGKAR SELATAN KLATEN (JLN. DIPONEGORO - JLN. KARTINI),5.36,Jawa Tengah,Jateng Wil. III
Lintas Tengah,24097,BTS. KOTA KLATEN - PRAMBANAN (BTS. PROV. DIY),10.29,Jawa Tengah,Jateng Wil. III
Lintas Tengah,2409711,JLN. SURAJI TIRTONEGORO (KLATEN),1.8,Jawa Tengah,Jateng Wil. III
Lintas Tengah,24100,BTS. KAB. TEGAL/KAB. BREBES - PRUPUK,7.29,Jawa Tengah,Jateng Wil. I
Lintas Tengah,24105,BTS. KAB. BLORA/REMBANG - BTS. KOTA BLORA,7.65,Jawa Tengah,Jateng Wil. III
Lintas Tengah,2410511,JLN. A. YANI (BLORA),2.82,Jawa Tengah,Jateng Wil. III
Lintas Tengah,2410512,JLN. JEND. SUDIRMAN (BLORA),2.99,Jawa Tengah,Jateng Wil. III
Lintas Tengah,24107,CEPU - BTS. PROV. JAWA TIMUR,0.64,Jawa Tengah,Jateng Wil. III
Lintas Tengah,24108,KEPREKAN - BOROBUDUR,9.99,Jawa Tengah,Jateng Wil. II
Lintas Tengah,24099,SP. 3 TOL PEJAGAN KANCI - KETANGGUNGAN -  BTS. KAB. TEGAL/KAB. BREBES,26.64,Jawa Tengah,Jateng Wil. I
Lintas Tengah,24104,BTS. KOTA REMBANG - BTS. KAB. BLORA/REMBANG,22.17,Jawa Tengah,Jateng Wil. III
Lintas Tengah,24106,BTS. KOTA BLORA - CEPU,29.97,Jawa Tengah,Jateng Wil. III
Lintas Selatan,26001,KARANG NONGKO (BTS. PROV. JATENG) - TOYAN,9.89,DI Yogyakarta,DI Yogyakarta
Lintas Selatan,26002,TOYAN - BTS. KOTA WATES,4.3,DI Yogyakarta,DI Yogyakarta
Lintas Selatan,2600211,JLN. CHUDORI (WATES),0.51,DI Yogyakarta,DI Yogyakarta
Lintas Selatan,26003,BTS. KOTA WATES - MILIR,3.29,DI Yogyakarta,DI Yogyakarta
Lintas Selatan,2600311,JLN. KOL. SUGIYONO (WATES),0.7,DI Yogyakarta,DI Yogyakarta
Lintas Selatan,26004,MILIR - SENTOLO,7.87,DI Yogyakarta,DI Yogyakarta
Lintas Selatan,26005,SENTOLO - BTS. KAB. SLEMAN,1.27,DI Yogyakarta,DI Yogyakarta
Lintas Selatan,26006,BTS. KAB. KULON PROGO - PELEM GURIH (GAMPING) (YOGYAKARTA),10.86,DI Yogyakarta,DI Yogyakarta
Lintas Selatan,2600611,JLN. BATAS KOTA - PELEM GURIH (GAMPING)  (YOGYAKARTA),2.09,DI Yogyakarta,DI Yogyakarta
Lintas Selatan,2600711,JLN. MAJAPAHIT (BANTUL),3.18,DI Yogyakarta,DIY Lainnya
Lintas Selatan,2600712,JLN. AHMAD YANI (BANTUL),6.54,DI Yogyakarta,DIY Lainnya
Lintas Selatan,2600713,"JLN. PROF. DR. WIRJONO PROJODIKORO, S.H. (BANTUL)",2.74,DI Yogyakarta,DIY Lainnya
Lintas Selatan,2600714,JLN. BRAWIJAYA (BANTUL),5.82,DI Yogyakarta,DIY Lainnya
Lintas Selatan,26008,YOGYAKARTA - SP. PIYUNGAN,8.76,DI Yogyakarta,DI Yogyakarta
Lintas Selatan,26009,SP. PIYUNGAN - SP. PATUK,3.69,DI Yogyakarta,DI Yogyakarta
Lintas Selatan,26010,SP. PATUK - SP. GADING,13.71,DI Yogyakarta,DI Yogyakarta
Lintas Selatan,26011,SP. GADING - GLEDAG,4.89,DI Yogyakarta,DI Yogyakarta
Lintas Selatan,26012,GLEDAG - WONOSARI (LINGKAR UTARA WONOSARI),8.64,DI Yogyakarta,DI Yogyakarta
Lintas Selatan,26013,LINGKAR SELATAN WONOSARI,5.77,DI Yogyakarta,DI Yogyakarta
Lintas Selatan,26014,BTS. KOTA WONOSARI - NGEPOSARI - PACUCAK - BEDOYO - DUWET,26.35,DI Yogyakarta,DI Yogyakarta
Lintas Selatan,26020,YOGYAKARTA - BTS. KOTA BANTUL,6.3,DI Yogyakarta,DIY Lainnya
Lintas Selatan,26021,BANTUL - SP. WEDEN,4.39,DI Yogyakarta,DIY Lainnya
Lintas Selatan,26022,SP. WEDEN - BAKULAN,0.85,DI Yogyakarta,DIY Lainnya
Lintas Selatan,26023,BAKULAN - KRETEK,8.94,DI Yogyakarta,DIY Lainnya
Lintas Selatan,26024,KRETEK - PARANGTRITIS,6.26,DI Yogyakarta,DIY Lainnya
Lintas Selatan,26027,CONGOT - NGREMANG,19.35,DI Yogyakarta,DI Yogyakarta
Lintas Selatan,26029,PANDANSIMO - SAMAS,5.8,DI Yogyakarta,DI Yogyakarta
Lintas Selatan,26031,GIRIJATI - LEGUNDI,13.4,DI Yogyakarta,DI Yogyakarta
Lintas Selatan,26032,LEGUNDI - SAPTOSARI,10.4,DI Yogyakarta,DI Yogyakarta
Lintas Selatan,26033,SAPTOSARI - PLANJAN,9.2,DI Yogyakarta,DI Yogyakarta
Lintas Selatan,26036,JERUKWUDEL - BARAN - DUWET,11.6,DI Yogyakarta,DI Yogyakarta
Lintas Selatan,24027,BTS. PROV. JAWA BARAT - KARANG PUCUNG (BTS. KAB. CILACAP/ BANYUMAS),51.03,Jawa Tengah,Jateng Wil. I
Lintas Selatan,24028,KARANG PUCUNG (BTS. KAB. CILACAP/ BANYUMAS) - WANGON,21.41,Jawa Tengah,Jateng Wil. I
Lintas Selatan,24029,WANGON - MANGANTI,11.58,Jawa Tengah,Jateng Wil. II
Lintas Selatan,24030,MANGANTI - RAWALO,2.51,Jawa Tengah,Jateng Wil. II
Lintas Selatan,24031,RAWALO - SAMPANG,4.15,Jawa Tengah,Jateng Lainnya
Lintas Selatan,24032,SAMPANG - BUNTU,8.78,Jawa Tengah,Jateng Lainnya
Lintas Selatan,24033,BUNTU - BANYUMAS,8.55,Jawa Tengah,Jateng Wil. II
Lintas Selatan,24060,BTS. PROV. JAWA BARAT - PATIMUAN - SIDAREJA,14.58,Jawa Tengah,Jateng Wil. II
Lintas Selatan,24061,SIDAREJA - SP. 3 JERUK LEGI,24.98,Jawa Tengah,Jateng Wil. II
Lintas Selatan,24062,SP. 3 JERUK LEGI - BTS. KOTA CILACAP,7.66,Jawa Tengah,Jateng Wil. II
Lintas Selatan,2406311,JLN. TENTARA PELAJAR (CILACAP),2.89,Jawa Tengah,Jateng Lainnya
Lintas Selatan,2406312,JLN. NUSANTARA (CILACAP),3.42,Jawa Tengah,Jateng Lainnya
Lintas Selatan,2406313,JLN. MT. HARYONO (CILACAP),1.56,Jawa Tengah,Jateng Lainnya
Lintas Selatan,2406314,JLN. PANJAITAN (CILACAP),0.78,Jawa Tengah,Jateng Lainnya
Lintas Selatan,2406315,JLN. SUDIRMAN BARAT (CILACAP),0.88,Jawa Tengah,Jateng Lainnya
Lintas Selatan,2406316,JLN. YOS SUDARSO (CILACAP),0.56,Jawa Tengah,Jateng Lainnya
Lintas Selatan,2406317,JLN. NIAGA (CILACAP),0.61,Jawa Tengah,Jateng Lainnya
Lintas Selatan,2406318,JLN. PENYU (CILACAP),1.38,Jawa Tengah,Jateng Lainnya
Lintas Selatan,2406319,JLN. LINGKAR (CILACAP),12.13,Jawa Tengah,Jateng Lainnya
Lintas Selatan,240631A,JLN. SOEKARNO-HATTA (CILACAP),2.87,Jawa Tengah,Jateng Lainnya
Lintas Selatan,240631B,JLN. JUANDA (CILACAP),0.3,Jawa Tengah,Jateng Lainnya
Lintas Selatan,240631C,JLN. MT HARYONO RELOKASI (CILACAP),2.63,Jawa Tengah,Jateng Lainnya
Lintas Selatan,2406320,JLN. URIP SUMOHARJO (CILACAP),2.54,Jawa Tengah,Jateng Lainnya
Lintas Selatan,2406321,JLN. PERINTIS KEMERDEKAAN (CILACAP),1.8,Jawa Tengah,Jateng Lainnya
Lintas Selatan,2406322,JLN. GATOT SUBROTO (CILACAP),0.81,Jawa Tengah,Jateng Lainnya
Lintas Selatan,24064,BTS. KOTA CILACAP  - SLARANG,4.42,Jawa Tengah,Jateng Lainnya
Lintas Selatan,24065,SLARANG - KESUGIHAN,2.91,Jawa Tengah,Jateng Lainnya
Lintas Selatan,24066,KESUGIHAN - MAOS - SAMPANG,14,Jawa Tengah,Jateng Lainnya
Lintas Selatan,240671,BUNTU - SP. 3 BARAT JLN. LINGKAR SUMPIUH,9.99,Jawa Tengah,Jateng Lainnya
Lintas Selatan,240672,JLN. LINGKAR SUMPIUH (BANYUMAS),5.04,Jawa Tengah,Jateng Lainnya
Lintas Selatan,240673,SP. 3 TIMUR JLN. LINGKAR SUMPIUH - BTS. BANYUMAS/ KEBUMEN,4.76,Jawa Tengah,Jateng Lainnya
Lintas Selatan,24068,BTS. BANYUMAS/ KEBUMEN - SP. 3 BARAT JLN. LINGKAR SELATAN KEBUMEN,23.81,Jawa Tengah,Jateng Wil. II
Lintas Selatan,2406911,JLN. LINGKAR SELATAN KEBUMEN,9.07,Jawa Tengah,Jateng Wil. II
Lintas Selatan,24070,SP. 3 TIMUR JLN. LINGKAR SELATAN KEBUMEN - PREMBUN,12.58,Jawa Tengah,Jateng Wil. II
Lintas Selatan,24071,PREMBUN - KUTOARJO,12.68,Jawa Tengah,Jateng Wil. II
Lintas Selatan,24072,KUTOARJO - BTS. KOTA PURWOREJO,7.52,Jawa Tengah,Jateng Wil. II
Lintas Selatan,2407213,JLN. LINGKAR SELATAN PURWOREJO,4.18,Jawa Tengah,Jateng Wil. II
Lintas Selatan,24073,JLN. LINGKAR SELATAN PURWOREJO - KARANGNONGKO (BTS. PROV. DIY),16.87,Jawa Tengah,Jateng Wil. II
Lintas Selatan,24074,DUWET - GIRI WOYO,23.76,Jawa Tengah,Jateng Wil. III
Lintas Selatan,24075,GIRIWOYO - GLONGGONG (BTS. PROV. JATIM),6.48,Jawa Tengah,Jateng Wil. III
Lintas Selatan,24081,AJIBARANG - WANGON,12.93,Jawa Tengah,Jateng Wil. I
Lintas Selatan,24082,WANGON - BTS. KAB. BANYUMAS/CILACAP,5.64,Jawa Tengah,Jateng Wil. II
Lintas Selatan,24083,BTS. BANYUMAS/CILACAP - SP. 3 JERUK LEGI,7.98,Jawa Tengah,Jateng Wil. II
Lintas Selatan,24086,PATIKRAJA - RAWALO,9.13,Jawa Tengah,Jateng Wil. II
Lintas Selatan,24110,TAMBAKREJA - BANTARSARI,9.61,Jawa Tengah,Jateng Wil. II
Lintas Selatan,24111,JLADRI - TAMBAKMULYO - WAWAR,42.8,Jawa Tengah,Jateng Wil. II
Lintas Selatan,24112,WAWAR - CONGOT,23.89,Jawa Tengah,Jateng Wil. II
